{"cameraMode":{"drawMode":0,"name":"Shaded","section":"Shading Mode"},"sceneLighting":false,"audioPlay":false,"sceneViewState":{"m_AlwaysRefresh":false,"showFog":true,"showSkybox":false,"showFlares":true,"showImageEffects":true,"showParticleSystems":true,"showVisualEffectGraphs":true,"m_FxEnabled":true},"in2DMode":false,"pivot":{"x":-2.903580665588379,"y":3.473741292953491,"z":-1.6610867977142335},"rotation":{"x":0.35023850202560427,"y":0.4529372453689575,"z":-0.1759837567806244,"w":0.8008882403373718},"size":0.000017320508050033823,"orthographic":false}