{"cameraMode":{"drawMode":0,"name":"Shaded","section":"Shading Mode"},"sceneLighting":false,"audioPlay":false,"sceneViewState":{"m_AlwaysRefresh":false,"showFog":true,"showSkybox":false,"showFlares":true,"showImageEffects":true,"showParticleSystems":true,"showVisualEffectGraphs":true,"m_FxEnabled":true},"in2DMode":false,"pivot":{"x":14.525004386901856,"y":10.125280380249024,"z":9.18023681640625},"rotation":{"x":0.2190530002117157,"y":-0.7949306964874268,"z":0.3038696050643921,"w":0.4774338901042938},"size":0.00021732051391154528,"orthographic":false}