{"cameraMode":{"drawMode":0,"name":"Shaded","section":"Shading Mode"},"sceneLighting":false,"audioPlay":false,"sceneViewState":{"m_AlwaysRefresh":false,"showFog":true,"showSkybox":false,"showFlares":true,"showImageEffects":true,"showParticleSystems":true,"showVisualEffectGraphs":true,"m_FxEnabled":true},"in2DMode":false,"pivot":{"x":-2.2764925956726076,"y":2.6743216514587404,"z":-1.3893423080444337},"rotation":{"x":0.3495612144470215,"y":0.4507944881916046,"z":-0.17425602674484254,"w":0.8027685284614563},"size":0.000017320508050033823,"orthographic":false}